site,avgfracsurvive,maxfracsurvive
(HA2)1,0.0,0.0
(HA2)10,1.0927144758058527e-05,0.00020761575040311201
(HA2)100,1.4190410932790159e-05,0.00026961780772301303
(HA2)101,5.13296536876121e-06,9.7526342006463e-05
(HA2)102,5.062847048592317e-05,0.000786704509313934
(HA2)103,0.0,0.0
(HA2)104,3.966225935871066e-05,0.0003780000000000001
(HA2)105,1.5964287835753e-05,0.00030332146887930697
(HA2)106,9.167295158313152e-05,0.0009687817704995562
(HA2)107,3.5363903985116845e-05,0.0006719141757172199
(HA2)108,9.897371306872307e-06,0.00018805005483057383
(HA2)109,0.0,0.0
(HA2)11,5.7452301263833805e-06,0.00010915937240128424
(HA2)110,1.1571680786586555e-05,0.0002198619349451415
(HA2)111,1.253726060706034e-05,0.00018046582446239472
(HA2)112,0.0,0.0
(HA2)113,0.0,0.0
(HA2)114,0.0,0.0
(HA2)115,2.9672901562761175e-19,4.336808689942018e-19
(HA2)116,2.513516713552227e-05,0.00024896251422168165
(HA2)117,4.931096231314178e-07,9.369082839496938e-06
(HA2)118,1.5599964873421413e-05,0.0002963993325950064
(HA2)119,1.094370627487631e-06,2.0793041922264992e-05
(HA2)12,2.282530889443167e-20,4.336808689942018e-19
(HA2)120,0.0,0.0
(HA2)121,0.0,0.0
(HA2)122,0.0,0.0
(HA2)123,1.4366235842980398e-05,0.000163809943313353
(HA2)124,4.747504861941073e-05,0.0005352695051607974
(HA2)125,0.0,0.0
(HA2)126,6.040096711514434e-05,0.0008471804555963112
(HA2)127,4.1897142385271e-06,7.960457053201491e-05
(HA2)128,1.1360033872124215e-05,0.00021584064357036008
(HA2)129,0.0,0.0
(HA2)13,0.0,0.0
(HA2)130,0.0,0.0
(HA2)131,0.0,0.0
(HA2)132,0.0,0.0
(HA2)133,0.0,0.0
(HA2)134,0.0,0.0
(HA2)135,0.0,0.0
(HA2)136,1.4836450781380587e-19,2.168404344971009e-19
(HA2)137,1.6029083188154084e-05,0.0002454817952564042
(HA2)138,1.1412654447215836e-20,2.168404344971009e-19
(HA2)139,0.0,0.0
(HA2)14,1.1705911047697307e-05,0.00022241230990624884
(HA2)140,0.0,0.0
(HA2)141,5.706327223607918e-20,2.168404344971009e-19
(HA2)142,0.0,0.0
(HA2)143,0.0,0.0
(HA2)144,4.531488072935213e-07,8.609827338576905e-06
(HA2)145,0.0,0.0
(HA2)146,0.0,0.0
(HA2)147,2.282530889443167e-20,4.336808689942018e-19
(HA2)148,1.130580955080594e-05,0.00021481038146531285
(HA2)149,0.0,0.0
(HA2)15,0.0,0.0
(HA2)150,0.0,0.0
(HA2)151,0.0,0.0
(HA2)152,0.0,0.0
(HA2)153,0.0,0.0
(HA2)154,0.0,0.0
(HA2)155,0.0,0.0
(HA2)156,0.0,0.0
(HA2)157,2.0081067479325912e-06,3.815402821071923e-05
(HA2)158,2.282530889443167e-20,4.336808689942018e-19
(HA2)159,4.565061778886334e-20,2.168404344971009e-19
(HA2)16,0.0,0.0
(HA2)160,1.1412654447215836e-20,2.168404344971009e-19
(HA2)161,5.5699320621545414e-06,0.00010582870918093628
(HA2)162,0.0,0.0
(HA2)163,9.417090077502052e-05,0.0016109948592798284
(HA2)164,0.0,0.0
(HA2)165,0.0,0.0
(HA2)166,9.130123557772668e-20,2.168404344971009e-19
(HA2)167,0.0,0.0
(HA2)168,0.0,0.0
(HA2)169,2.282530889443167e-20,2.168404344971009e-19
(HA2)17,0.0,0.0
(HA2)170,3.256402915218964e-05,0.0006187165538916032
(HA2)171,1.970781589147078e-05,0.00037444850193794487
(HA2)172,2.596184782725504e-05,0.0004932751087178458
(HA2)173,0.00013549083768589387,0.0015397233967167866
(HA2)174,1.1412654447215836e-20,2.168404344971009e-19
(HA2)175,0.0,0.0
(HA2)176,0.0,0.0
(HA2)177,0.0,0.0
(HA2)178,1.0271389002494252e-19,2.168404344971009e-19
(HA2)179,0.0,0.0
(HA2)18,0.0001355367640981743,0.002308237201608521
(HA2)180,0.0015067652502193602,0.028628539754167844
(HA2)181,0.0,0.0
(HA2)182,0.0003991071271127727,0.007583035415142682
(HA2)183,0.0,0.0
(HA2)184,0.0,0.0
(HA2)185,0.0,0.0
(HA2)186,2.128804120936034e-05,0.00040447278297784647
(HA2)187,2.203518635881988e-05,0.0003646266270966232
(HA2)188,1.397093230290291e-05,0.000135078341553995
(HA2)189,7.105810671855481e-06,0.00013501040276525414
(HA2)19,5.3368421052631544e-05,0.0006759999999999995
(HA2)190,0.0,0.0
(HA2)191,0.0,0.0
(HA2)192,0.0,0.0
(HA2)193,0.0,0.0
(HA2)194,1.7370335417613448e-05,0.00025491061891574776
(HA2)195,2.5548111195412887e-05,0.00048541411271284485
(HA2)196,0.0,0.0
(HA2)197,0.0,0.0
(HA2)198,2.282530889443167e-20,4.336808689942018e-19
(HA2)199,0.0,0.0
(HA2)2,1.0263622431460536e-05,0.00019500882619774974
(HA2)20,1.907616437301907e-05,0.0003624471230873623
(HA2)200,0.0,0.0
(HA2)201,0.0,0.0
(HA2)202,0.0,0.0
(HA2)203,6.975994160567025e-06,0.00013254388905077348
(HA2)204,0.0,0.0
(HA2)205,0.0,0.0
(HA2)206,0.0,0.0
(HA2)207,0.0,0.0
(HA2)208,9.130123557772668e-20,2.168404344971009e-19
(HA2)209,2.9964332635903007e-05,0.0005693223200821571
(HA2)21,2.7905588948157307e-05,0.0003380000000000006
(HA2)210,0.0,0.0
(HA2)211,7.988858113051085e-20,2.168404344971009e-19
(HA2)212,0.0,0.0
(HA2)213,5.434296472845315e-05,0.00103251632984061
(HA2)214,0.0,0.0
(HA2)215,0.0,0.0
(HA2)216,6.629071697778746e-06,0.00012595236225779616
(HA2)217,0.0,0.0
(HA2)218,6.0201894415857575e-05,0.0008370273185539906
(HA2)219,0.0,0.0
(HA2)22,0.0,0.0
(HA2)220,1.1412654447215836e-20,2.168404344971009e-19
(HA2)221,1.2484373495557296e-05,0.00023720309641558863
(HA2)222,4.9978688590849e-06,9.49595083226131e-05
(HA2)23,0.0,0.0
(HA2)24,0.0,0.0
(HA2)25,0.0,0.0
(HA2)26,1.1705586210358166e-05,0.00022240613799680517
(HA2)27,0.0,0.0
(HA2)28,0.0,0.0
(HA2)29,0.0,0.0
(HA2)3,2.300478261681264e-05,0.00043709086971944013
(HA2)30,0.0,0.0
(HA2)31,1.3695185336659003e-19,2.168404344971009e-19
(HA2)32,0.0,0.0
(HA2)33,0.0,0.0
(HA2)34,7.345740515745808e-06,0.00013956906979916905
(HA2)35,0.0,0.0
(HA2)36,4.8324096108569345e-05,0.0009181578260628176
(HA2)37,5.0062949193228475e-05,0.000759765012798934
(HA2)38,7.824169275141636e-05,0.0014865921622769108
(HA2)39,1.1406865245567003e-05,0.00021673043966577305
(HA2)4,0.0,0.0
(HA2)40,1.4058572830738157e-05,0.00015569386783946318
(HA2)41,1.3373895955598743e-05,0.0002541040231563757
(HA2)42,1.1405438782853722e-05,0.0002167033368742205
(HA2)43,0.0,0.0
(HA2)44,1.8353538557936937e-05,0.0003487172326008014
(HA2)45,0.0,0.0
(HA2)46,6.7494609178671e-06,0.00010700002168898924
(HA2)47,0.0006780445079300775,0.00463868250042125
(HA2)48,2.0542778004988504e-19,4.336808689942018e-19
(HA2)49,4.565061778886334e-20,2.168404344971009e-19
(HA2)5,8.896211195295113e-05,0.0016902801271060715
(HA2)50,1.0271389002494252e-19,2.168404344971009e-19
(HA2)51,5.883890142501587e-05,0.0009290806290305767
(HA2)52,0.0,0.0
(HA2)53,3.234067782334716e-05,0.00033799999999999976
(HA2)54,1.1689606462372475e-06,2.22102522785077e-05
(HA2)55,0.0,0.0
(HA2)56,0.0,0.0
(HA2)57,0.0,0.0
(HA2)58,7.988858113051085e-20,2.168404344971009e-19
(HA2)59,1.1217066548195476e-06,2.131242644156967e-05
(HA2)6,0.0,0.0
(HA2)60,0.0,0.0
(HA2)61,4.9290546891447416e-05,0.0009365203909375008
(HA2)62,0.0,0.0
(HA2)63,0.0,0.0
(HA2)64,0.0,0.0
(HA2)65,0.0,0.0
(HA2)66,0.0,0.0
(HA2)67,0.0,0.0
(HA2)68,6.847592668329501e-20,2.168404344971009e-19
(HA2)69,0.0,0.0
(HA2)7,2.1193531458168413e-05,0.00040267709770519983
(HA2)70,2.3789584996379445e-05,0.0003062011467710108
(HA2)71,4.2146666335563094e-05,0.00037799999999999965
(HA2)72,3.457798805546162e-06,6.569817730537708e-05
(HA2)73,0.0,0.0
(HA2)74,1.3017963393882757e-05,0.0002473413044837724
(HA2)75,6.996368844562726e-05,0.0013085455417018972
(HA2)76,0.0001720840873442259,0.003269597659540292
(HA2)77,2.50380556188588e-06,2.499477661354861e-05
(HA2)78,7.710003710848251e-06,9.19335990657293e-05
(HA2)79,0.0,0.0
(HA2)8,1.0023901534420724e-05,0.00019045412915399374
(HA2)80,0.0,0.0
(HA2)81,2.282530889443167e-20,2.168404344971009e-19
(HA2)82,3.413961402019381e-05,0.0006486526663836824
(HA2)83,0.0,0.0
(HA2)84,1.38832053701387e-05,0.0002637809020326353
(HA2)85,2.5911901074357615e-05,0.000407918458805489
(HA2)86,1.0218611241228081e-05,0.00019415361358333352
(HA2)87,8.804834964584399e-06,0.00016729186432710356
(HA2)88,0.0,0.0
(HA2)89,0.0,0.0
(HA2)9,2.510783978387484e-19,4.336808689942018e-19
(HA2)90,0.0,0.0
(HA2)91,1.1552994161800186e-05,0.0002195068890742031
(HA2)92,2.282530889443167e-20,4.336808689942018e-19
(HA2)93,3.581695110059267e-05,0.0006805220709112607
(HA2)94,1.4202425901053386e-05,0.0002698460921200143
(HA2)95,0.0,0.0
(HA2)96,6.375708517004803e-07,1.2113846182309127e-05
(HA2)97,1.1449549590102068e-06,2.175414422119393e-05
(HA2)98,7.823549383239802e-06,0.00014864743828155625
(HA2)99,0.0,0.0
-1,0.0,0.0
-2,0.0,0.0
-3,7.988858113051085e-20,2.168404344971009e-19
-4,0.0,0.0
-5,0.0,0.0
-6,1.1412654447215836e-20,2.168404344971009e-19
-7,0.0,0.0
-8,5.6354360979328375e-05,0.00092859955464634
-9,2.9672901562761175e-19,4.336808689942018e-19
1,7.444481394407491e-05,0.0014144514649374234
10,4.8235705569276204e-05,0.0007759189828438413
100,0.0,0.0
101,1.4514134032688779e-05,0.0002757685466210868
102,1.715238870198858e-06,3.2589538533778304e-05
103,0.0,0.0
104,0.0,0.0
105,0.0,0.0
106,2.282530889443167e-20,4.336808689942018e-19
107,1.8220926156939733e-06,3.461975969818549e-05
108,0.0,0.0
109,9.130123557772668e-20,4.336808689942018e-19
11,6.475437941671106e-05,0.0006244704915661527
110,1.9201417377804685e-08,3.64826930178289e-07
111,4.4471722455417025e-06,8.449627266529235e-05
112,1.4252418698061528e-05,0.000270795955263169
113,0.0,0.0
114,2.36857698896152e-05,0.0004500296279026888
115,0.0,0.0
116,1.0249472286494262e-05,0.00019473997344339098
117,0.00034497434435849393,0.006373870026647274
118,0.0,0.0
119,0.0,0.0
119A,4.430453935033679e-06,8.417862476563687e-05
119B,0.0,0.0
119C,0.0,0.0
12,1.5814191888587764e-05,0.00016757644853209754
120,0.0,0.0
121,2.890784567645805e-05,0.000549249067852703
122,5.114516641098443e-07,9.717581618087041e-06
123,0.0,0.0
124,0.0007091896427318219,0.013474603211904615
125,9.063850535896009e-06,0.00017221316018202417
126,3.38978683469218e-06,6.44059498591512e-05
127,5.5271815119833176e-05,0.0007100358664141013
128,1.1412654447215836e-20,2.168404344971009e-19
129,5.694150875125891e-05,0.0005959999999999997
13,2.1329541103113483e-05,0.0004052612809591562
130,0.0,0.0
131,0.0,0.0
132,0.0,0.0
133,3.7022836924516962e-06,7.034339015658223e-05
134,1.1412654447215836e-20,2.168404344971009e-19
135,0.0,0.0
136,0.0,0.0
137,0.0,0.0
138,0.0,0.0
139,8.833181758131329e-06,0.00016783045340449526
14,7.029420076341803e-05,0.001213224869229466
140,0.0,0.0
141,0.0,0.0
142,0.0001830286640797765,0.0034775446175157533
143,7.522034905774025e-06,0.00014291866320970538
144,0.0,0.0
145,0.0,0.0
146,6.2715240163115225e-06,0.00011915895630991892
147,4.4619560295621337e-07,8.477716456168054e-06
148,6.759013322107619e-06,0.00012842125312004476
149,3.208306727383212e-05,0.0006095782782028102
15,0.0,0.0
150,0.0,0.0
151,7.536096266716152e-05,0.001346066633479532
152,0.0,0.0
153,0.0,0.0
154,0.0,0.0
155,0.00014570761648419596,0.0027684447131997234
156,0.0,0.0
157,0.0,0.0
158,0.0,0.0
159,3.532875083916894e-05,0.0006712462659442098
16,1.1412654447215836e-20,2.168404344971009e-19
160,0.0,0.0
161,1.865494054570796e-05,0.0003544438703684512
162,0.0,0.0
163,2.21373310374112e-06,4.206092897108128e-05
164,4.565061778886334e-20,4.336808689942018e-19
165,0.0,0.0
166,0.0,0.0
167,6.7609417261089664e-06,0.00012845789279607037
168,1.0898361573043654e-05,0.00016484134174752784
169,0.05645412931796351,0.3138190683265777
17,1.8440796329134744e-05,0.0003503751302535601
170,1.3590610203675134e-05,0.0002582215938698271
171,0.004732796722394024,0.06490407291740494
172,0.0,0.0
173,0.05872900263999331,0.3305812917978828
174,0.0,0.0
175,0.0,0.0
176,9.827339104751638e-05,0.0018671944299028112
177,0.0,0.0
178,1.1655654256214014e-05,0.00022145743086806626
179,3.2726635490187245e-05,0.0005140032745362898
18,0.0,0.0
180,0.0,0.0
181,1.597771622610217e-19,2.168404344971009e-19
182,0.0,0.0
183,3.323928322428418e-05,0.0004205839988245387
184,0.0,0.0
185,0.0,0.0
186,0.0,0.0
187,1.9894736842105268e-05,0.0003780000000000001
188,4.4880599652303335e-05,0.0008527313933937631
189,0.0,0.0
19,0.0,0.0
190,9.026604676288635e-07,1.7150548884946023e-05
191,6.73786234031697e-06,0.00012801938446602244
192,1.3083474579930523e-05,0.0002485860170186795
193,2.282530889443167e-20,2.168404344971009e-19
194,0.0,0.0
195,1.1842613240309837e-05,0.0002250096515658869
196,2.282530889443167e-20,2.168404344971009e-19
197,0.0,0.0
198,0.0,0.0
199,0.0,0.0
2,3.4237963341647507e-20,2.168404344971009e-19
20,3.9038079646566585e-05,0.00029799999999999987
200,0.0,0.0
201,3.4237963341647507e-20,2.168404344971009e-19
202,0.0,0.0
203,1.603252447138394e-05,0.00030461796495629486
204,5.0602157822348815e-06,9.614409986246253e-05
205,4.565061778886334e-20,2.168404344971009e-19
206,0.0,0.0
207,0.020071444557185826,0.1927097171224208
208,5.8928337397868e-05,0.001119638410559492
209,2.086371681448602e-05,0.0003964106194752344
21,0.0,0.0
210,0.0025858140015668136,0.04853174316613364
211,0.0,0.0
212,0.0,0.0
213,0.0,0.0
214,0.0,0.0
215,0.0,0.0
216,0.0,0.0
217,3.8238916508054564e-05,0.0007265394136530367
218,0.0,0.0
219,0.0,0.0
22,2.807400075714735e-06,5.3340601438579963e-05
220,9.979159712525517e-05,0.0012200403453798483
221,0.01853594051453647,0.21847424323714626
222,0.00021285402103895848,0.002413944397872145
223,0.0006535795804418631,0.009320845462548029
224,4.2037970947348175e-05,0.0005715156789172827
225,4.640820549724994e-05,0.0007794441532393906
226,3.3914551260615105e-05,0.0003965879460936235
227,0.0,0.0
228,0.0,0.0
229,5.206681295271949e-06,9.892694461016704e-05
23,3.605007975811457e-05,0.0006849515154041769
230,2.216573572342648e-05,0.0004211489787451031
231,0.0,0.0
232,0.0,0.0
233,1.1412654447215836e-20,2.168404344971009e-19
234,1.5684210526315782e-05,0.00029799999999999987
235,0.0,0.0
236,2.7667794145513155e-05,0.00052568808876475
237,6.520351508030108e-05,0.0009417352708358432
238,0.0008860688900496656,0.009910263139137216
239,0.0035759999999999993,0.06794399999999999
24,0.0,0.0
240,0.08047162930573264,0.3065198744168243
241,0.03295048765071435,0.3320331347406328
242,0.00014073955825944144,0.002674051606929387
243,0.0,0.0
244,0.0,0.0
245,1.4836450781380587e-19,2.168404344971009e-19
246,2.5491911533772834e-05,0.00034643055970175565
247,1.4825021742348459e-05,0.0002816754131046207
248,0.0,0.0
249,0.0,0.0
25,0.0,0.0
250,2.0887851887132378e-05,0.00039686918585551517
251,0.0,0.0
252,0.0,0.0
253,0.0,0.0
254,0.0,0.0
255,0.0,0.0
256,2.642093046591173e-05,0.0005019976788523229
257,2.024892574670315e-05,0.0003847295891873598
258,0.0,0.0
259,0.0,0.0
26,1.1412654447215836e-20,2.168404344971009e-19
260,0.0,0.0
261,0.0,0.0
262,0.0,0.0
263,0.0,0.0
263A,0.00065080433749608,0.0072212981150245655
264,0.0,0.0
265,1.8352194910190804e-05,0.0003486917032936253
266,9.130123557772668e-20,4.336808689942018e-19
267,9.928615947519723e-06,0.00018864370300287472
268,0.0,0.0
269,0.0,0.0
27,1.1412654447215836e-19,2.168404344971009e-19
270,0.0,0.0
271,0.0,0.0
272,0.0,0.0
273,0.0,0.0
274,0.0,0.0
275,7.128349379450375e-07,1.3543863820955713e-05
276,0.0,0.0
277,3.060864462505835e-06,5.8156424787610865e-05
278,0.0,0.0
279,0.0,0.0
28,0.0,0.0
280,0.0,0.0
281,3.9419682882473845e-05,0.000748973974767003
282,0.0001614950751639647,0.0025079962599996557
283,0.0,0.0
284,6.007478295405144e-06,0.00011414208761269773
285,0.00031608665584777673,0.006005646461107758
286,0.0,0.0
287,2.2730478640390923e-05,0.0004318790941674276
288,0.0,0.0
289,0.0,0.0
29,5.953984920065605e-05,0.0011312571348124625
290,0.0,0.0
291,0.0,0.0
292,3.94721477842759e-06,7.499708079012421e-05
293,8.139174876485737e-07,1.54644322653229e-05
294,0.0,0.0
295,0.0,0.0
296,6.279573616642595e-06,0.00011931189871620909
297,1.552498019622735e-05,0.00029497462372831963
298,4.117446552174754e-06,7.823148449132033e-05
299,0.0,0.0
3,0.0,0.0
30,0.0,0.0
300,2.282530889443167e-20,4.336808689942018e-19
301,0.0,0.0
302,0.0,0.0
303,0.0,0.0
304,0.000393259462847823,0.0074183858519513155
305,1.1242883606107562e-05,0.0001556504351578798
306,0.0,0.0
307,0.0,0.0
308,0.0,0.0
309,3.457360458052785e-05,0.0006568984870300291
31,1.6513918980685161e-07,3.1376446063301807e-06
310,2.282530889443167e-20,2.168404344971009e-19
311,0.0,0.0
312,0.0,0.0
313,2.4790356009251445e-05,0.00047101676417577744
314,1.1346115629179457e-07,2.155761969544097e-06
315,3.282887936459805e-05,0.00044043241094425946
316,2.282530889443167e-20,4.336808689942018e-19
317,1.3695185336659003e-19,4.336808689942018e-19
318,4.4914778852801965e-05,0.0007796263455447107
319,6.455998076288374e-05,0.001226639634494791
32,0.0,0.0
320,0.0,0.0
321,1.1374314694661116e-05,0.00021611197919856122
322,3.2567030127000126e-06,6.187735724130024e-05
323,0.00018141817623686658,0.003446945348500465
324,1.522536190379493e-05,0.0002892818761721037
325,0.0,0.0
326,1.4769645806941107e-05,0.00028062327033188104
327,1.1412654447215836e-20,2.168404344971009e-19
327A,4.552442748734535e-05,0.0008649641222595616
328,0.0,0.0
33,1.303034650693095e-05,0.00024757658363168807
34,1.4836450781380587e-19,2.168404344971009e-19
35,1.1560506611649415e-05,0.0002196496256213389
36,1.9959630771680974e-05,0.0003792329846619355
37,0.0,0.0
38,2.181374514964522e-05,0.00029799999999999987
39,1.575127829178179e-05,0.0002150188902636996
4,0.0,0.0
40,1.0009559051731042e-05,0.0001901816219828881
41,1.5684210526315782e-05,0.00029799999999999987
42,4.125822496719905e-06,7.707726465372215e-05
43,1.3695185336659003e-19,6.505213034913027e-19
44,1.8560024447120698e-05,0.00022785791996568486
45,2.282530889443167e-20,2.168404344971009e-19
46,0.0,0.0
47,9.630112697476024e-05,0.0018297214125204445
48,2.329991176712973e-05,0.00019039421860885282
49,9.130123557772668e-20,2.168404344971009e-19
5,1.0271389002494252e-19,2.168404344971009e-19
50,0.0,0.0
51,2.7289494941774485e-07,5.185004038934767e-06
52,6.47080260613527e-06,0.0001229452495165699
53,8.668294544120035e-06,0.00016469759633828068
54,3.139960534307895e-05,0.0005965925015185001
55,0.0,0.0
56,0.0,0.0
56A,0.0,0.0
57,0.0,0.0
58,1.949083188658539e-05,0.00037032580584511917
59,4.550331292472333e-05,0.0008645629455697433
6,0.0,0.0
60,0.0,0.0
61,1.8576893433567633e-05,0.0003529609752377846
62,0.0,0.0
63,1.1412654447215836e-20,2.168404344971009e-19
64,2.37268148491389e-05,0.00039120048343051217
65,1.5684210526315782e-05,0.00029799999999999987
66,0.0,0.0
67,0.0,0.0
68,1.9354454188786594e-06,3.677346295869453e-05
69,0.0,0.0
7,2.7212181629799383e-05,0.0005170314509661861
70,1.2981249840464218e-05,0.00024664374696882013
71,1.4102460952033153e-06,2.679467580886299e-05
72,0.0,0.0
73,4.824830866231101e-05,0.0009167178645839092
74,6.84241136631758e-06,0.000130005815960034
75,0.0,0.0
76,0.0,0.0
77,0.0,0.0
78,0.0001510449033915032,0.0028698531644385608
78A,1.0888763678353175e-05,0.00020688650988871034
79,0.0,0.0
80,0.0,0.0
81,0.0,0.0
82,0.00016759789356361537,0.0027708118252265106
83,0.0,0.0
84,0.0,0.0
85,0.0,0.0
86,5.191981061701456e-05,0.0008641475118539054
87,0.0,0.0
88,3.9483903477713075e-05,0.0007501941660765484
89,0.0,0.0
90,0.0,0.0
91,1.1412654447215836e-20,2.168404344971009e-19
92,0.0,0.0
93,0.0,0.0
93A,0.0,0.0
94,0.0,0.0
95,0.0,0.0
96,0.0005893427315356809,0.011197511899177936
97,0.0,0.0
98,1.4445933975341171e-05,0.00027447274553148225
99,0.0,0.0
